Song,Artist,Song Popularity,Danceability,Energy,Tempo,Speechiness,Song Duration,Artist Genres,Artist Popularity,Artist uri,Song uri,Artist Image url
Hillbilly Daydream,49 Winchester,61,0.656,0.524,94.961,0.0316,137682,['Modern Country Pop'],59,1JWMpIl0nhqFJNdO3IOQ20,23x5kkzMtq2t3nVlucD8p2,https://i.scdn.co/image/ab6761610000f17893e7278e54ae6115676ab59e
Everlasting Lover,49 Winchester,57,0.424,0.409,135.896,0.0324,193500,['Modern Country Pop'],59,1JWMpIl0nhqFJNdO3IOQ20,6M1CxE2roojruGqAIVNLYL,https://i.scdn.co/image/ab6761610000f17893e7278e54ae6115676ab59e
Last Call,49 Winchester,56,0.591,0.73,166.04,0.0319,208942,['Modern Country Pop'],59,1JWMpIl0nhqFJNdO3IOQ20,0SKmU6qOXKUdHuZsiSqpcn,https://i.scdn.co/image/ab6761610000f17893e7278e54ae6115676ab59e
All I Need,49 Winchester,59,0.667,0.554,94.019,0.026,182672,['Modern Country Pop'],59,1JWMpIl0nhqFJNdO3IOQ20,5cMNnlrWypFvTPnZpF1MA8,https://i.scdn.co/image/ab6761610000f17893e7278e54ae6115676ab59e
Russell County Line,49 Winchester,67,0.635,0.318,95.056,0.0347,249872,['Modern Country Pop'],59,1JWMpIl0nhqFJNdO3IOQ20,68i0Y8xMaYxLHSeUu4uWtA,https://i.scdn.co/image/ab6761610000f17893e7278e54ae6115676ab59e
Heart On Fire In Mexico,Abby Anderson,56,0.625,0.579,92.943,0.0349,204053,['Country Pop'],48,0WicR9iYAPd0Bi7i3bz9MB,17Z0Rhbye8ehDsPKSwXI9O,https://i.scdn.co/image/ab6761610000f178817b39f2722ad676a115e76e
Highway Cry,Abby Anderson,37,0.506,0.718,159.937,0.0389,186314,['Country Pop'],48,0WicR9iYAPd0Bi7i3bz9MB,1KQsuzrdexORS3oTVI80wK,https://i.scdn.co/image/ab6761610000f178817b39f2722ad676a115e76e
Make Him Wait,Abby Anderson,46,0.406,0.427,158.802,0.0416,203240,['Country Pop'],48,0WicR9iYAPd0Bi7i3bz9MB,530TAWLytdeGGAhg7y0JB5,https://i.scdn.co/image/ab6761610000f178817b39f2722ad676a115e76e
First To Hit The Road,Abby Anderson,46,0.638,0.381,78.068,0.032,198450,['Country Pop'],48,0WicR9iYAPd0Bi7i3bz9MB,17kxPpEt70vei0hmSepqqH,https://i.scdn.co/image/ab6761610000f178817b39f2722ad676a115e76e
Hey Girl,Anne Wilson,55,0.546,0.77,75.005,0.0311,188706,"['Ccm', 'Christian Music']",60,75JvBeqW4BJ4xgnbMAq6MN,0VAzzX60usmbyVLsEnArRF,https://i.scdn.co/image/ab6761610000f178e6ddf41ccb25203969fb74a0
Sunday Sermons,Anne Wilson,62,0.417,0.738,195.985,0.0615,200440,"['Ccm', 'Christian Music']",60,75JvBeqW4BJ4xgnbMAq6MN,3l9iNZD6J3nDZMlAhH48Q1,https://i.scdn.co/image/ab6761610000f178e6ddf41ccb25203969fb74a0
Strong,Anne Wilson,61,0.505,0.648,76.025,0.0295,204800,"['Ccm', 'Christian Music']",60,75JvBeqW4BJ4xgnbMAq6MN,7qKq3YnzxmYfYipYQxzLe4,https://i.scdn.co/image/ab6761610000f178e6ddf41ccb25203969fb74a0
Something About That Name,Anne Wilson,57,0.465,0.628,75.055,0.0286,212706,"['Ccm', 'Christian Music']",60,75JvBeqW4BJ4xgnbMAq6MN,4ciS9nPEHe817gNWMem6xv,https://i.scdn.co/image/ab6761610000f178e6ddf41ccb25203969fb74a0
My Jesus,Anne Wilson,66,0.51,0.644,76.001,0.0341,217680,"['Ccm', 'Christian Music']",60,75JvBeqW4BJ4xgnbMAq6MN,7ETprIldSufrqcGF8MSBCZ,https://i.scdn.co/image/ab6761610000f178e6ddf41ccb25203969fb74a0
Never Wanted To Be That Girl,Ashley McBryde,57,0.553,0.609,73.903,0.0469,214416,"['Arkansas Country', 'Contemporary Country', 'Country', 'Country Road']",55,371jpyGdoChzUASOIG2ECV,7yRJMLG9ja0fBVVEmV6vcT,https://i.scdn.co/image/ab6761610000f1788f9ef4e990c95775b39a99ab
The Devil I Know,Ashley McBryde,55,0.536,0.672,168.184,0.0437,187880,"['Arkansas Country', 'Contemporary Country', 'Country', 'Country Road']",55,371jpyGdoChzUASOIG2ECV,6Ser4pIAKEoXok7eDJPRK7,https://i.scdn.co/image/ab6761610000f1788f9ef4e990c95775b39a99ab
Martha Divine,Ashley McBryde,52,0.587,0.939,136.96,0.0745,217706,"['Arkansas Country', 'Contemporary Country', 'Country', 'Country Road']",55,371jpyGdoChzUASOIG2ECV,7cokvE1fABqkJL8FgUiBcS,https://i.scdn.co/image/ab6761610000f1788f9ef4e990c95775b39a99ab
One Night Standards,Ashley McBryde,59,0.537,0.686,78.052,0.0293,190973,"['Arkansas Country', 'Contemporary Country', 'Country', 'Country Road']",55,371jpyGdoChzUASOIG2ECV,47qZzTLLJcuD69AIKnquo4,https://i.scdn.co/image/ab6761610000f1788f9ef4e990c95775b39a99ab
Girl Goin' Nowhere,Ashley McBryde,52,0.591,0.157,82.412,0.0676,207066,"['Arkansas Country', 'Contemporary Country', 'Country', 'Country Road']",55,371jpyGdoChzUASOIG2ECV,2lyEpuvVOnNGzV5c89Vnpf,https://i.scdn.co/image/ab6761610000f1788f9ef4e990c95775b39a99ab
Can't Miss You Anymore,Avery Anna,45,0.388,0.428,189.792,0.0396,172663,"['Alt Z', 'Modern Country Pop', 'Singer-Songwriter Pop']",56,5rjz63sgMaAUAyBMyCUK5D,5LkRgwjOaBydaGxc5rztPd,https://i.scdn.co/image/ab6761610000f178450e2e108d76b03e25c99d2a
I Love You More,Avery Anna,47,0.576,0.629,137.081,0.026,204560,"['Alt Z', 'Modern Country Pop', 'Singer-Songwriter Pop']",56,5rjz63sgMaAUAyBMyCUK5D,31KrrOzf8FgoTJa7djzdol,https://i.scdn.co/image/ab6761610000f178450e2e108d76b03e25c99d2a
Narcissist,Avery Anna,61,0.322,0.48,73.476,0.0492,154026,"['Alt Z', 'Modern Country Pop', 'Singer-Songwriter Pop']",56,5rjz63sgMaAUAyBMyCUK5D,3LLezpquftwn7QI1rYIovM,https://i.scdn.co/image/ab6761610000f178450e2e108d76b03e25c99d2a
Just Cause I Love You,Avery Anna,48,0.392,0.298,184.478,0.0364,199669,"['Alt Z', 'Modern Country Pop', 'Singer-Songwriter Pop']",56,5rjz63sgMaAUAyBMyCUK5D,7HIhgpHAhgR0hsAtZ9Jil6,https://i.scdn.co/image/ab6761610000f178450e2e108d76b03e25c99d2a
Self Love,Avery Anna,50,0.653,0.666,139.93,0.0655,171013,"['Alt Z', 'Modern Country Pop', 'Singer-Songwriter Pop']",56,5rjz63sgMaAUAyBMyCUK5D,3oRT45v51KOyV37KPmemc3,https://i.scdn.co/image/ab6761610000f178450e2e108d76b03e25c99d2a
My Truck,BRELAND,49,0.883,0.299,136.982,0.105,158329,['Black Americana'],57,0C86lmpnwiyLDUiyo4d0P1,2sxteNXv9VZeot1lmJEDg1,https://i.scdn.co/image/ab6761610000f178dfd93e9abd4b36de8e156655
Praise the Lord (feat. Thomas Rhett),BRELAND,44,0.824,0.609,107.488,0.077,159252,['Black Americana'],57,0C86lmpnwiyLDUiyo4d0P1,41J9hA7Tev5iFg2ugHRIPg,https://i.scdn.co/image/ab6761610000f178dfd93e9abd4b36de8e156655
Heartbreak & Alcohol,BRELAND,59,0.745,0.778,139.944,0.0339,166032,['Black Americana'],57,0C86lmpnwiyLDUiyo4d0P1,5GXhlMF4fbI0aJaxtR4ilc,https://i.scdn.co/image/ab6761610000f178dfd93e9abd4b36de8e156655
Beers On Me,BRELAND,70,0.59,0.846,146.028,0.0396,174680,['Black Americana'],57,0C86lmpnwiyLDUiyo4d0P1,19ZzEzb4BVK1wVO4brrmZz,https://i.scdn.co/image/ab6761610000f178dfd93e9abd4b36de8e156655
My Truck (feat. Sam Hunt) - Remix,BRELAND,49,0.753,0.503,136.892,0.0406,159888,['Black Americana'],57,0C86lmpnwiyLDUiyo4d0P1,0vInSJATtcoZZ0GofWNGjP,https://i.scdn.co/image/ab6761610000f178dfd93e9abd4b36de8e156655
Never Comin' Home,Bailey Zimmerman,68,0.556,0.59,143.972,0.029,194270,"['Contemporary Country', 'Modern Country Pop']",75,3win9vGIxFfBRag9S63wwf,4hEA25qUMn3camHI87UhiI,https://i.scdn.co/image/ab6761610000f178ed36422f0f4ab7564fd0a2d6
Get to Gettin’ Gone,Bailey Zimmerman,67,0.584,0.68,146.093,0.0351,182465,"['Contemporary Country', 'Modern Country Pop']",75,3win9vGIxFfBRag9S63wwf,3C3ooMrQyhr0gouukZTGz4,https://i.scdn.co/image/ab6761610000f178ed36422f0f4ab7564fd0a2d6
Religiously,Bailey Zimmerman,81,0.57,0.67,140.924,0.0274,178723,"['Contemporary Country', 'Modern Country Pop']",75,3win9vGIxFfBRag9S63wwf,0bILU0UiNDmA5Ff6whhb2R,https://i.scdn.co/image/ab6761610000f178ed36422f0f4ab7564fd0a2d6
Holy Smokes,Bailey Zimmerman,77,0.462,0.569,95.117,0.0321,195157,"['Contemporary Country', 'Modern Country Pop']",75,3win9vGIxFfBRag9S63wwf,1kMWJ16W3Yk3hyNmaM7jfQ,https://i.scdn.co/image/ab6761610000f178ed36422f0f4ab7564fd0a2d6
Fall In Love,Bailey Zimmerman,78,0.524,0.643,135.962,0.0297,232058,"['Contemporary Country', 'Modern Country Pop']",75,3win9vGIxFfBRag9S63wwf,0rCFRyEy4WXjRXNpO80Dzs,https://i.scdn.co/image/ab6761610000f178ed36422f0f4ab7564fd0a2d6
Rock and A Hard Place,Bailey Zimmerman,82,0.582,0.568,121.991,0.0275,207540,"['Contemporary Country', 'Modern Country Pop']",75,3win9vGIxFfBRag9S63wwf,1TE8AAk9koG0UJco6ZAUfx,https://i.scdn.co/image/ab6761610000f178ed36422f0f4ab7564fd0a2d6
Sunshine Shine,Blanco Brown,52,0.843,0.651,113.936,0.0423,181942,"['Black Americana', 'Country Rap']",56,3yzRiNMZdTsSUgplcyYZ4i,2467Nxi5K1DUUj7eRg1i64,https://i.scdn.co/image/ab6761610000f178c2fcb4a7b2db8828c242ff41
The Git Up,Blanco Brown,67,0.847,0.678,97.984,0.109,200593,"['Black Americana', 'Country Rap']",56,3yzRiNMZdTsSUgplcyYZ4i,01tA4XmJ4fGQNwti6b2hPm,https://i.scdn.co/image/ab6761610000f178c2fcb4a7b2db8828c242ff41
Do Si Do (feat. Blanco Brown),Blanco Brown,45,0.883,0.623,117.92,0.0982,138813,"['Black Americana', 'Country Rap']",56,3yzRiNMZdTsSUgplcyYZ4i,21HtICjxfQGi3bS9XH7dOl,https://i.scdn.co/image/ab6761610000f178c2fcb4a7b2db8828c242ff41
Just the Way,Blanco Brown,69,0.54,0.796,90.033,0.0412,193880,"['Black Americana', 'Country Rap']",56,3yzRiNMZdTsSUgplcyYZ4i,4h5OVQQbeqw3lNaFIbmlzG,https://i.scdn.co/image/ab6761610000f178c2fcb4a7b2db8828c242ff41
Soul (R3HAB Remix),Blanco Brown,51,0.641,0.839,125.013,0.051,148440,"['Black Americana', 'Country Rap']",56,3yzRiNMZdTsSUgplcyYZ4i,32d8sQk2Q6zttnj80nBFMM,https://i.scdn.co/image/ab6761610000f178c2fcb4a7b2db8828c242ff41
Feels Right (I Love It),Brian Kelley,69,0.631,0.897,121.066,0.0678,147189,['Modern Country Pop'],54,46c50yWMo9wiTgVe1VxBbQ,64RZNkFqMF44Ql8dOfesgr,https://i.scdn.co/image/ab6761610000f1781ab37ba181a701f521fe56a7
How We’re Livin’,Brian Kelley,45,0.559,0.821,147.954,0.0436,163293,['Modern Country Pop'],54,46c50yWMo9wiTgVe1VxBbQ,1rxaZS69Cj6783JeNeS8qh,https://i.scdn.co/image/ab6761610000f1781ab37ba181a701f521fe56a7
"Trucks, Ducks, Bucks & Beer",Brian Kelley,51,0.51,0.843,156.041,0.0457,193133,['Modern Country Pop'],54,46c50yWMo9wiTgVe1VxBbQ,57cI63EBY6FqAhgzQxMSCT,https://i.scdn.co/image/ab6761610000f1781ab37ba181a701f521fe56a7
See You Next Summer,Brian Kelley,59,0.649,0.844,120.972,0.0335,157800,['Modern Country Pop'],54,46c50yWMo9wiTgVe1VxBbQ,7Ez0QMtgIQ60BOHGHh3yPc,https://i.scdn.co/image/ab6761610000f1781ab37ba181a701f521fe56a7
Beach Cowboy,Brian Kelley,47,0.748,0.72,117.835,0.0408,138293,['Modern Country Pop'],54,46c50yWMo9wiTgVe1VxBbQ,2VW91TBVCqRKfyBg13EZjO,https://i.scdn.co/image/ab6761610000f1781ab37ba181a701f521fe56a7
Night In,Brittney Spencer,33,0.504,0.783,169.945,0.187,207506,['Black Americana'],36,6YM5gRpMJkP0kUWRcvlHT3,5RdcXIB4AVZxmz1lTXhbjZ,https://i.scdn.co/image/ab6761610000f178cd51e8d614d3a2cbc779b1e1
Sober & Skinny,Brittney Spencer,40,0.57,0.671,87.987,0.117,198719,['Black Americana'],36,6YM5gRpMJkP0kUWRcvlHT3,4HQesVjCWOSKvzqirkvuP9,https://i.scdn.co/image/ab6761610000f178cd51e8d614d3a2cbc779b1e1
New To This Town,Brittney Spencer,31,0.268,0.611,176.531,0.0392,134373,['Black Americana'],36,6YM5gRpMJkP0kUWRcvlHT3,0JdZtf4uTCwBnJ4i7eJ5N8,https://i.scdn.co/image/ab6761610000f178cd51e8d614d3a2cbc779b1e1
Guilty Pleasure (feat. Brittney Spencer),Brittney Spencer,29,0.71,0.519,137.775,0.042,192263,['Black Americana'],36,6YM5gRpMJkP0kUWRcvlHT3,7fXc4hW2uLoRu0ysVHOM2J,https://i.scdn.co/image/ab6761610000f178cd51e8d614d3a2cbc779b1e1
Stay A Little Longer,Brothers Osborne,64,0.557,0.886,96.989,0.0302,335480,"['Contemporary Country', 'Country', 'Country Road', 'Modern Country Rock', 'Modern Southern Rock']",62,39NR3AUhpbbqKM33vWn2fp,23EkfwUdsRIz7jAZIcC8gb,https://i.scdn.co/image/ab6761610000f1785effec55163b16aa9ba20e7a
Nobody's Nobody,Brothers Osborne,54,0.577,0.746,94.98,0.0259,189066,"['Contemporary Country', 'Country', 'Country Road', 'Modern Country Rock', 'Modern Southern Rock']",62,39NR3AUhpbbqKM33vWn2fp,0WT1ILuFrh8reQUmPwmhMo,https://i.scdn.co/image/ab6761610000f1785effec55163b16aa9ba20e7a
I'm Not For Everyone,Brothers Osborne,66,0.591,0.741,81.995,0.0466,172106,"['Contemporary Country', 'Country', 'Country Road', 'Modern Country Rock', 'Modern Southern Rock']",62,39NR3AUhpbbqKM33vWn2fp,143YESFOZqxVGrKEWisbid,https://i.scdn.co/image/ab6761610000f1785effec55163b16aa9ba20e7a
It Ain't My Fault,Brothers Osborne,66,0.735,0.831,123.017,0.0332,216800,"['Contemporary Country', 'Country', 'Country Road', 'Modern Country Rock', 'Modern Southern Rock']",62,39NR3AUhpbbqKM33vWn2fp,08wJ1B9yu9sPeoRa5fbpr3,https://i.scdn.co/image/ab6761610000f1785effec55163b16aa9ba20e7a
All Night,Brothers Osborne,56,0.761,0.855,119.997,0.0342,168400,"['Contemporary Country', 'Country', 'Country Road', 'Modern Country Rock', 'Modern Southern Rock']",62,39NR3AUhpbbqKM33vWn2fp,0gv4JVcgmb8HihoucEXVxh,https://i.scdn.co/image/ab6761610000f1785effec55163b16aa9ba20e7a
we don't fight anymore,Carly Pearce,74,0.619,0.564,129.944,0.0302,220145,"['Contemporary Country', 'Country', 'Country Road']",64,4sIl4BTo9l9KqEi0Y3RE72,2dPwBKr5uJeCeyd5IoWi8W,https://i.scdn.co/image/ab6761610000f178f23162a88b5ed481f82fad02
Every Little Thing,Carly Pearce,60,0.636,0.428,139.919,0.0375,180053,"['Contemporary Country', 'Country', 'Country Road']",64,4sIl4BTo9l9KqEi0Y3RE72,2wxfu24GQpEZQrjDJm5Ac1,https://i.scdn.co/image/ab6761610000f178f23162a88b5ed481f82fad02
What He Didn't Do,Carly Pearce,71,0.628,0.632,137.854,0.0325,191226,"['Contemporary Country', 'Country', 'Country Road']",64,4sIl4BTo9l9KqEi0Y3RE72,5OLaVCAM2pqg7X9mAM2W8M,https://i.scdn.co/image/ab6761610000f178f23162a88b5ed481f82fad02
I Hope You’re Happy Now,Carly Pearce,70,0.591,0.815,118.024,0.0366,198688,"['Contemporary Country', 'Country', 'Country Road']",64,4sIl4BTo9l9KqEi0Y3RE72,0Al3wN3keprGTSgG8NBwjr,https://i.scdn.co/image/ab6761610000f178f23162a88b5ed481f82fad02
hummingbird,Carly Pearce,57,0.456,0.481,146.119,0.0324,267149,"['Contemporary Country', 'Country', 'Country Road']",64,4sIl4BTo9l9KqEi0Y3RE72,5HAff5WrHbF6Z5OQ87xMYY,https://i.scdn.co/image/ab6761610000f178f23162a88b5ed481f82fad02
Next Girl,Carly Pearce,60,0.585,0.872,160.066,0.0643,164677,"['Contemporary Country', 'Country', 'Country Road']",64,4sIl4BTo9l9KqEi0Y3RE72,2nkKBegmLjGjCZ0cP9xA09,https://i.scdn.co/image/ab6761610000f178f23162a88b5ed481f82fad02
Love Don't Die Easy,Charlie Worsham,34,0.647,0.45,146.971,0.027,212493,['Modern Country Rock'],43,1nYvElumwIjMkOczb985bq,4tDodjvt9Wc3TAr2Uitk3W,https://i.scdn.co/image/ab6761610000f178516a7cb78770831c5c9a8166
I Hope I'm Stoned (When Jesus Takes Me Home) [feat. Old Crow Medicine Show],Charlie Worsham,43,0.541,0.474,98.355,0.0298,233786,['Modern Country Rock'],43,1nYvElumwIjMkOczb985bq,6ryR3q7HbJr0d9C9xz0kdV,https://i.scdn.co/image/ab6761610000f178516a7cb78770831c5c9a8166
Kiss Like You Dance (feat. Kip Moore),Charlie Worsham,39,0.523,0.849,170.034,0.0292,188253,['Modern Country Rock'],43,1nYvElumwIjMkOczb985bq,2xGExNivG32XJ2yld1jtRj,https://i.scdn.co/image/ab6761610000f178516a7cb78770831c5c9a8166
How I Learned To Pray (feat. Luke Combs),Charlie Worsham,58,0.591,0.46,147.984,0.0313,270933,['Modern Country Rock'],43,1nYvElumwIjMkOczb985bq,6DYtfjCJdFOXUlV3E9a9bI,https://i.scdn.co/image/ab6761610000f178516a7cb78770831c5c9a8166
Little Less Lonely,Chayce Beckham,51,0.433,0.848,174.055,0.0489,196013,['Modern Country Pop'],62,5ujvZU2thXjZgFKPUt1rDt,3xoFfxN2RfHqDNG64f9Amw,https://i.scdn.co/image/ab6761610000f178f23b3ea36f57ca09d3c4440d
This Ol' Rodeo,Chayce Beckham,53,0.426,0.814,173.993,0.0322,258680,['Modern Country Pop'],62,5ujvZU2thXjZgFKPUt1rDt,4IhE9UIoeY1kzdIEJk5AfF,https://i.scdn.co/image/ab6761610000f178f23b3ea36f57ca09d3c4440d
Where The River Goes,Chayce Beckham,45,0.528,0.765,156.199,0.0327,171920,['Modern Country Pop'],62,5ujvZU2thXjZgFKPUt1rDt,0jRB01MZle9sJDd5a5hwiB,https://i.scdn.co/image/ab6761610000f178f23b3ea36f57ca09d3c4440d
Keeping Me Up All Night,Chayce Beckham,54,0.506,0.909,129.969,0.0469,209466,['Modern Country Pop'],62,5ujvZU2thXjZgFKPUt1rDt,15FAC3TcR8vXOdpHBrBk1d,https://i.scdn.co/image/ab6761610000f178f23b3ea36f57ca09d3c4440d
Can't Do Without Me,Chayce Beckham,48,0.602,0.928,123.121,0.0859,201146,['Modern Country Pop'],62,5ujvZU2thXjZgFKPUt1rDt,7GO58JK2bCEt11jHjsL1gb,https://i.scdn.co/image/ab6761610000f178f23b3ea36f57ca09d3c4440d
Talking To God,Chrissy Metz,35,0.585,0.832,147.978,0.0394,187386,[],30,1UxVEV7mxsSuRZG7niH70a,1lNiLFaSGw8AFdp4zfMvuf,https://i.scdn.co/image/ab6761610000f1784db503ea8a7a6a523b4abb96
When I Talk to God,Chrissy Metz,35,0.501,0.357,142.172,0.0266,157746,[],30,1UxVEV7mxsSuRZG7niH70a,4XD21YQfW2VO5gXcUe4DiA,https://i.scdn.co/image/ab6761610000f1784db503ea8a7a6a523b4abb96
Landslide,Chrissy Metz,34,0.493,0.113,132.423,0.0484,192009,[],30,1UxVEV7mxsSuRZG7niH70a,6o2APqaoOiMOdesEiN22CQ,https://i.scdn.co/image/ab6761610000f1784db503ea8a7a6a523b4abb96
Diamond In My Pocket,Cody Johnson,73,0.546,0.838,151.914,0.0319,196906,"['Classic Texas Country', 'Contemporary Country', 'Modern Country Pop']",74,6zLBxLdl60ekBLpawtT63I,24Nt4OalWDICkEKVy81X6k,https://i.scdn.co/image/ab6761610000f17837fd77080cfc361e8f61337c
Me and My Kind,Cody Johnson,76,0.588,0.807,110.014,0.0283,156200,"['Classic Texas Country', 'Contemporary Country', 'Modern Country Pop']",74,6zLBxLdl60ekBLpawtT63I,4rW9EUFaMSNVY8JhbqrB6z,https://i.scdn.co/image/ab6761610000f17837fd77080cfc361e8f61337c
'Til You Can't,Cody Johnson,75,0.501,0.815,160.087,0.0436,224213,"['Classic Texas Country', 'Contemporary Country', 'Modern Country Pop']",74,6zLBxLdl60ekBLpawtT63I,4k3lPl8YTKuY8c1HelVnm3,https://i.scdn.co/image/ab6761610000f17837fd77080cfc361e8f61337c
Dance Her Home,Cody Johnson,72,0.674,0.892,114.048,0.0293,174680,"['Classic Texas Country', 'Contemporary Country', 'Modern Country Pop']",74,6zLBxLdl60ekBLpawtT63I,2g3vpJiqwswGJbUOSkCWqC,https://i.scdn.co/image/ab6761610000f17837fd77080cfc361e8f61337c
Wild as You,Cody Johnson,72,0.461,0.65,149.873,0.0293,186066,"['Classic Texas Country', 'Contemporary Country', 'Modern Country Pop']",74,6zLBxLdl60ekBLpawtT63I,4IZOdhEvXYWqh5XAXYzBk3,https://i.scdn.co/image/ab6761610000f17837fd77080cfc361e8f61337c
The Painter,Cody Johnson,75,0.512,0.709,97.971,0.0327,211413,"['Classic Texas Country', 'Contemporary Country', 'Modern Country Pop']",74,6zLBxLdl60ekBLpawtT63I,5DQU4Fmdx7Hs7pwtcZMSTK,https://i.scdn.co/image/ab6761610000f17837fd77080cfc361e8f61337c
I Never Told You,Colbie Caillat,51,0.506,0.639,144.073,0.0285,233200,"['Dance Pop', 'Neo Mellow', 'Pop']",67,6aZyMrc4doVtZyKNilOmwu,2rJWnAqSuLMls0KOv416Io,https://i.scdn.co/image/ab6761610000f17808635ff0ed30023d2ee764a1
Realize,Colbie Caillat,53,0.693,0.594,123.932,0.0325,244106,"['Dance Pop', 'Neo Mellow', 'Pop']",67,6aZyMrc4doVtZyKNilOmwu,5OGkKx8jP0A5KSULEc6XYZ,https://i.scdn.co/image/ab6761610000f17808635ff0ed30023d2ee764a1
Brighter Than The Sun,Colbie Caillat,62,0.629,0.793,95.981,0.0346,231213,"['Dance Pop', 'Neo Mellow', 'Pop']",67,6aZyMrc4doVtZyKNilOmwu,5YTtTbqxUzJHD3CpbNHerP,https://i.scdn.co/image/ab6761610000f17808635ff0ed30023d2ee764a1
Try,Colbie Caillat,59,0.603,0.376,139.995,0.0288,224573,"['Dance Pop', 'Neo Mellow', 'Pop']",67,6aZyMrc4doVtZyKNilOmwu,6buXDkw3Gv4fQC1OZKUhnR,https://i.scdn.co/image/ab6761610000f17808635ff0ed30023d2ee764a1
Lucky,Colbie Caillat,73,0.625,0.414,130.088,0.0369,189613,"['Dance Pop', 'Neo Mellow', 'Pop']",67,6aZyMrc4doVtZyKNilOmwu,2qLMf6TuEC3ruGJg4SMMN6,https://i.scdn.co/image/ab6761610000f17808635ff0ed30023d2ee764a1
Bubbly,Colbie Caillat,71,0.697,0.474,127.904,0.0351,196280,"['Dance Pop', 'Neo Mellow', 'Pop']",67,6aZyMrc4doVtZyKNilOmwu,0rFOs9paloAvEtzwDX1Kmc,https://i.scdn.co/image/ab6761610000f17808635ff0ed30023d2ee764a1
Tough Ones,Cooper Alan,56,0.528,0.663,143.918,0.036,193440,['Modern Country Pop'],60,0AtQAehoytV7j1r4O16dRb,1bf7WmUCdaAE2hjWkfQRwc,https://i.scdn.co/image/ab6761610000f178ff715f60496f51722db66e29
Take Forever (Hally's Song),Cooper Alan,71,0.616,0.624,145.865,0.0425,184786,['Modern Country Pop'],60,0AtQAehoytV7j1r4O16dRb,3pBYIDSYwHpGMjq0nss6KZ,https://i.scdn.co/image/ab6761610000f178ff715f60496f51722db66e29
Colt 45 (Country Remix),Cooper Alan,64,0.631,0.744,184.021,0.203,203804,['Modern Country Pop'],60,0AtQAehoytV7j1r4O16dRb,0kgRRHa5CMeCciIgYT67re,https://i.scdn.co/image/ab6761610000f178ff715f60496f51722db66e29
New Normal,Cooper Alan,57,0.718,0.575,75.022,0.0443,166933,['Modern Country Pop'],60,0AtQAehoytV7j1r4O16dRb,6Xb3wtPsUcUUFoVikf3J1U,https://i.scdn.co/image/ab6761610000f178ff715f60496f51722db66e29
Never Not Remember You,Cooper Alan,59,0.561,0.483,77.09,0.0365,177924,['Modern Country Pop'],60,0AtQAehoytV7j1r4O16dRb,3PigB8AnVf6zPtWvVC5fJL,https://i.scdn.co/image/ab6761610000f178ff715f60496f51722db66e29
Son Of A,Dillon Carmichael,46,0.612,0.574,123.987,0.0268,193288,"['Country Pop', 'Modern Country Pop', 'Modern Country Rock']",42,3lvYE3o75PNjyvcKuBPXo6,1rf3DRmwoWekv6iT30MXlR,https://i.scdn.co/image/ab6761610000f178597cd0281dd80fcb14892eb4
Pickin' Up Girls (feat. The Cadillac Three),Dillon Carmichael,34,0.671,0.673,99.969,0.0341,201451,"['Country Pop', 'Modern Country Pop', 'Modern Country Rock']",42,3lvYE3o75PNjyvcKuBPXo6,66uOtQSumnCnqsjo92cV1H,https://i.scdn.co/image/ab6761610000f178597cd0281dd80fcb14892eb4
Drinkin' Problems,Dillon Carmichael,40,0.713,0.929,112.021,0.0322,186292,"['Country Pop', 'Modern Country Pop', 'Modern Country Rock']",42,3lvYE3o75PNjyvcKuBPXo6,1D1IChY9GoX2yuRr5J0CJv,https://i.scdn.co/image/ab6761610000f178597cd0281dd80fcb14892eb4
Someone Who Don't Miss Me at All,Dillon Carmichael,42,0.356,0.797,79.587,0.0378,208156,"['Country Pop', 'Modern Country Pop', 'Modern Country Rock']",42,3lvYE3o75PNjyvcKuBPXo6,53KcUtaA0KHLOdL93EcuSr,https://i.scdn.co/image/ab6761610000f178597cd0281dd80fcb14892eb4
Love Talking,Eli Young Band,41,0.555,0.821,107.954,0.035,173520,"['Classic Texas Country', 'Contemporary Country', 'Country', 'Country Road', 'Heartland Rock', 'Modern Country Rock']",59,6eKWqnckwdIlSnjaYgIyxv,3bXcSemKcrGxC2Xv2Slqi1,https://i.scdn.co/image/ab6761610000f1785b82b637e8865ab10f7f8f88
Dust,Eli Young Band,45,0.586,0.925,130.958,0.039,198933,"['Classic Texas Country', 'Contemporary Country', 'Country', 'Country Road', 'Heartland Rock', 'Modern Country Rock']",59,6eKWqnckwdIlSnjaYgIyxv,5J6IvCB3hhdBVFfKI75fjp,https://i.scdn.co/image/ab6761610000f1785b82b637e8865ab10f7f8f88
Love Ain't,Eli Young Band,64,0.597,0.856,98.023,0.0421,187093,"['Classic Texas Country', 'Contemporary Country', 'Country', 'Country Road', 'Heartland Rock', 'Modern Country Rock']",59,6eKWqnckwdIlSnjaYgIyxv,5t8M1Ktl6TkrAAKVmYlc3E,https://i.scdn.co/image/ab6761610000f1785b82b637e8865ab10f7f8f88
Drunk Last Night,Eli Young Band,56,0.528,0.856,87.019,0.0351,219213,"['Classic Texas Country', 'Contemporary Country', 'Country', 'Country Road', 'Heartland Rock', 'Modern Country Rock']",59,6eKWqnckwdIlSnjaYgIyxv,4hnK8P3v7kE7T4PMBYwRhu,https://i.scdn.co/image/ab6761610000f1785b82b637e8865ab10f7f8f88
Saltwater Gospel,Eli Young Band,53,0.686,0.619,114.036,0.0367,186680,"['Classic Texas Country', 'Contemporary Country', 'Country', 'Country Road', 'Heartland Rock', 'Modern Country Rock']",59,6eKWqnckwdIlSnjaYgIyxv,3wlZNYZnhINy3xgQOuUhwO,https://i.scdn.co/image/ab6761610000f1785b82b637e8865ab10f7f8f88
Soldier,Gavin DeGraw,54,0.479,0.74,139.872,0.0422,211386,"['Neo Mellow', 'Pop Rock']",60,5DYAABs8rkY9VhwtENoQCz,0MhCb3iakymVqQIOeYPSUf,https://i.scdn.co/image/ab6761610000f178a79c060a14915e9c2e1b4518
She Sets The City On Fire,Gavin DeGraw,57,0.618,0.61,125.887,0.0517,218706,"['Neo Mellow', 'Pop Rock']",60,5DYAABs8rkY9VhwtENoQCz,1V2K6ftpUhL9sLEoceuzoY,https://i.scdn.co/image/ab6761610000f178a79c060a14915e9c2e1b4518
Fire,Gavin DeGraw,52,0.549,0.582,180.984,0.0364,228293,"['Neo Mellow', 'Pop Rock']",60,5DYAABs8rkY9VhwtENoQCz,4DJZTapBDzc9UOpB0uv1tG,https://i.scdn.co/image/ab6761610000f178a79c060a14915e9c2e1b4518
Chariot,Gavin DeGraw,52,0.28,0.779,167.134,0.0513,239173,"['Neo Mellow', 'Pop Rock']",60,5DYAABs8rkY9VhwtENoQCz,4dygMGhvfENVhwRXmAscbl,https://i.scdn.co/image/ab6761610000f178a79c060a14915e9c2e1b4518
Laat Me Nooit Meer Los (Never Let Me Go),Gavin DeGraw,51,0.583,0.555,145.994,0.0372,207202,"['Neo Mellow', 'Pop Rock']",60,5DYAABs8rkY9VhwtENoQCz,1prhH9cmEkXHnAprZ92Ake,https://i.scdn.co/image/ab6761610000f178a79c060a14915e9c2e1b4518
Someone Somewhere (feat. George Birge),George Birge,40,0.761,0.743,96.984,0.0324,178613,"['Modern Country Pop', 'Texas Country']",48,27R1aBy7FfkYevfYen4sMp,5hgFUk8xWn6msCZ0lAATEH,https://i.scdn.co/image/ab6761610000f178ebe8e9a9f68817332b299e53
Whiskey Go 'Round (feat. RaeLynn),George Birge,40,0.44,0.861,146.081,0.0455,191813,"['Modern Country Pop', 'Texas Country']",48,27R1aBy7FfkYevfYen4sMp,1JoAOcInQod6aGNHhwSom6,https://i.scdn.co/image/ab6761610000f178ebe8e9a9f68817332b299e53
Mind On You (feat. charlieonnafriday & Kidd G),George Birge,55,0.605,0.836,130.089,0.0272,201923,"['Modern Country Pop', 'Texas Country']",48,27R1aBy7FfkYevfYen4sMp,1eoapzLQuYBDRDaHQuxXc4,https://i.scdn.co/image/ab6761610000f178ebe8e9a9f68817332b299e53
That Drink (feat. Neal McCoy),George Birge,39,0.614,0.906,118.024,0.0321,172314,"['Modern Country Pop', 'Texas Country']",48,27R1aBy7FfkYevfYen4sMp,0v7T0g9Uh8LE1x2oOD7f9X,https://i.scdn.co/image/ab6761610000f178ebe8e9a9f68817332b299e53
wait in the truck (feat. Lainey Wilson),HARDY,70,0.534,0.466,140.0,0.0272,277659,"['Contemporary Country', 'Modern Country Pop']",74,5QNm7E7RU2m64l6Gliu8Oy,49GYvCcvMQq1SY3f7Y347h,https://i.scdn.co/image/ab6761610000f1782d272d590f12c1b594ef7aca
GIVE HEAVEN SOME HELL,HARDY,72,0.639,0.843,126.047,0.0362,217801,"['Contemporary Country', 'Modern Country Pop']",74,5QNm7E7RU2m64l6Gliu8Oy,2bVeUlOC5JjTpkQXuUUoYm,https://i.scdn.co/image/ab6761610000f1782d272d590f12c1b594ef7aca
He Went To Jared (HARDY feat. Morgan Wallen),HARDY,69,0.565,0.806,140.084,0.0482,213693,"['Contemporary Country', 'Modern Country Pop']",74,5QNm7E7RU2m64l6Gliu8Oy,65IHmBagtQrYRcJd8a47zv,https://i.scdn.co/image/ab6761610000f1782d272d590f12c1b594ef7aca
ONE BEER (feat. Lauren Alaina & Devin Dawson),HARDY,72,0.516,0.745,186.006,0.0774,173173,"['Contemporary Country', 'Modern Country Pop']",74,5QNm7E7RU2m64l6Gliu8Oy,5Y05LYM8LhnQN78GqfjSeK,https://i.scdn.co/image/ab6761610000f1782d272d590f12c1b594ef7aca
red (feat. Morgan Wallen),HARDY,72,0.582,0.878,140.03,0.0404,205767,"['Contemporary Country', 'Modern Country Pop']",74,5QNm7E7RU2m64l6Gliu8Oy,2D3JfPyY2LkzXgNOb7qziR,https://i.scdn.co/image/ab6761610000f1782d272d590f12c1b594ef7aca
TRUCK BED,HARDY,79,0.662,0.77,132.057,0.0367,167534,"['Contemporary Country', 'Modern Country Pop']",74,5QNm7E7RU2m64l6Gliu8Oy,103u49mLoJUge83B1CnLxI,https://i.scdn.co/image/ab6761610000f1782d272d590f12c1b594ef7aca
More Hearts Than Mine,Ingrid Andress,66,0.375,0.428,78.516,0.029,214786,"['Contemporary Country', 'Country Pop']",56,0jPnVIasXzBYjrlpO5irii,60RFlt48hm0l4Fu0JoccOl,https://i.scdn.co/image/ab6761610000f17875368099c5fc12bf9f1b5deb
Wishful Drinking (with Sam Hunt) - Bonus Track,Ingrid Andress,56,0.678,0.528,79.018,0.0551,194544,"['Contemporary Country', 'Country Pop']",56,0jPnVIasXzBYjrlpO5irii,15e2jfRPI2mYAOPMDyytP0,https://i.scdn.co/image/ab6761610000f17875368099c5fc12bf9f1b5deb
Waste of Lime,Ingrid Andress,41,0.642,0.732,107.858,0.036,188106,"['Contemporary Country', 'Country Pop']",56,0jPnVIasXzBYjrlpO5irii,59Y2VUXjLa5j6rQbV0ROWW,https://i.scdn.co/image/ab6761610000f17875368099c5fc12bf9f1b5deb
Lady Like,Ingrid Andress,55,0.54,0.586,94.961,0.0329,194786,"['Contemporary Country', 'Country Pop']",56,0jPnVIasXzBYjrlpO5irii,7c3Y6INQrmNXDAOquinyw4,https://i.scdn.co/image/ab6761610000f17875368099c5fc12bf9f1b5deb
Feel Like This,Ingrid Andress,59,0.536,0.605,130.053,0.0338,196162,"['Contemporary Country', 'Country Pop']",56,0jPnVIasXzBYjrlpO5irii,4QWXSTeUHFzU0INh7SNqSU,https://i.scdn.co/image/ab6761610000f17875368099c5fc12bf9f1b5deb
Fearless,Jackson Dean,59,0.554,0.708,129.955,0.0409,215412,['Modern Country Pop'],54,0VkWDV0Bfd0EkXvaKAXUTl,28ka0HCm7aOJNjaI3YohI4,https://i.scdn.co/image/ab6761610000f1788170c0e24a8dd96e92d2688e
When A Man Loves A Woman,Jackson Dean,47,0.553,0.125,167.751,0.0593,197885,['Modern Country Pop'],54,0VkWDV0Bfd0EkXvaKAXUTl,6PgFcH7XEw1FeReY4049UG,https://i.scdn.co/image/ab6761610000f1788170c0e24a8dd96e92d2688e
Don’t Take Much,Jackson Dean,50,0.617,0.65,157.916,0.0408,200953,['Modern Country Pop'],54,0VkWDV0Bfd0EkXvaKAXUTl,1sQaVgWJgSW45YalMyPhch,https://i.scdn.co/image/ab6761610000f1788170c0e24a8dd96e92d2688e
Wings,Jackson Dean,49,0.456,0.385,84.029,0.0324,264161,['Modern Country Pop'],54,0VkWDV0Bfd0EkXvaKAXUTl,0UU1opJqwJtFvHpCrWK1Mq,https://i.scdn.co/image/ab6761610000f1788170c0e24a8dd96e92d2688e
Trailer Park,Jackson Dean,53,0.433,0.697,176.226,0.0396,218528,['Modern Country Pop'],54,0VkWDV0Bfd0EkXvaKAXUTl,5rUC54BQV0Zhj0iIxcNYne,https://i.scdn.co/image/ab6761610000f1788170c0e24a8dd96e92d2688e
Save Me,Jelly Roll,72,0.677,0.404,83.087,0.027,240722,"['Country Rap', 'Nashville Hip Hop', 'Tennessee Hip Hop']",77,19k8AgwwTSxeaxkOuCQEJs,1rnYNAJPAb586NhetosdNW,https://i.scdn.co/image/ab6761610000f17894d27c850cdf2ff37fa6db15
Bottle and Mary Jane,Jelly Roll,72,0.551,0.626,180.015,0.189,172421,"['Country Rap', 'Nashville Hip Hop', 'Tennessee Hip Hop']",77,19k8AgwwTSxeaxkOuCQEJs,5MbtltJOrf5hTldbvaEqdV,https://i.scdn.co/image/ab6761610000f17894d27c850cdf2ff37fa6db15
Wild Ones (feat. Jelly Roll),Jelly Roll,84,0.65,0.689,136.03,0.0449,141367,"['Country Rap', 'Nashville Hip Hop', 'Tennessee Hip Hop']",77,19k8AgwwTSxeaxkOuCQEJs,2kE2HFBFkJ0VMw3igxYohz,https://i.scdn.co/image/ab6761610000f17894d27c850cdf2ff37fa6db15
Chevrolet (feat. Jelly Roll),Jelly Roll,69,0.558,0.731,78.194,0.043,184173,"['Country Rap', 'Nashville Hip Hop', 'Tennessee Hip Hop']",77,19k8AgwwTSxeaxkOuCQEJs,7FKAVg9SA7QYLxdVRLnKjd,https://i.scdn.co/image/ab6761610000f17894d27c850cdf2ff37fa6db15
Save Me (with Lainey Wilson),Jelly Roll,79,0.564,0.612,83.03,0.0248,237493,"['Country Rap', 'Nashville Hip Hop', 'Tennessee Hip Hop']",77,19k8AgwwTSxeaxkOuCQEJs,30LZU3ReFIndjHLfaahreM,https://i.scdn.co/image/ab6761610000f17894d27c850cdf2ff37fa6db15
Son Of A Sinner,Jelly Roll,77,0.365,0.541,86.041,0.0304,232093,"['Country Rap', 'Nashville Hip Hop', 'Tennessee Hip Hop']",77,19k8AgwwTSxeaxkOuCQEJs,6ngGiVX91DRmGDH4G5EgeO,https://i.scdn.co/image/ab6761610000f17894d27c850cdf2ff37fa6db15
Need A Favor,Jelly Roll,80,0.502,0.771,157.978,0.032,197400,"['Country Rap', 'Nashville Hip Hop', 'Tennessee Hip Hop']",77,19k8AgwwTSxeaxkOuCQEJs,07on0OB2cdPt79IFsgdRUy,https://i.scdn.co/image/ab6761610000f17894d27c850cdf2ff37fa6db15
Your Heart Or Mine,Jon Pardi,77,0.639,0.713,86.1,0.0337,161200,"['Contemporary Country', 'Country', 'Country Road', 'Modern Country Rock']",73,4MoAOfV4ROWofLG3a3hhBN,7ETjhPaIU4UmHOiimJBZz9,https://i.scdn.co/image/ab6761610000f1789ab434ef1b8d8aff5fce625d
Head Over Boots,Jon Pardi,75,0.563,0.688,108.008,0.0262,202346,"['Contemporary Country', 'Country', 'Country Road', 'Modern Country Rock']",73,4MoAOfV4ROWofLG3a3hhBN,4ly1QBXEwYoDmje9rmEgC4,https://i.scdn.co/image/ab6761610000f1789ab434ef1b8d8aff5fce625d
Heartache On The Dance Floor,Jon Pardi,75,0.596,0.834,116.0,0.0474,205200,"['Contemporary Country', 'Country', 'Country Road', 'Modern Country Rock']",73,4MoAOfV4ROWofLG3a3hhBN,0w3Q14i073jLoew1hgJkwD,https://i.scdn.co/image/ab6761610000f1789ab434ef1b8d8aff5fce625d
Heartache Medication,Jon Pardi,69,0.621,0.791,95.075,0.0265,209109,"['Contemporary Country', 'Country', 'Country Road', 'Modern Country Rock']",73,4MoAOfV4ROWofLG3a3hhBN,5qdQPrWmZv8xYhMJCDrdHF,https://i.scdn.co/image/ab6761610000f1789ab434ef1b8d8aff5fce625d
Last Night Lonely,Jon Pardi,72,0.652,0.813,102.987,0.0268,182161,"['Contemporary Country', 'Country', 'Country Road', 'Modern Country Rock']",73,4MoAOfV4ROWofLG3a3hhBN,0k11c8vwyeNSGQex6UMa1v,https://i.scdn.co/image/ab6761610000f1789ab434ef1b8d8aff5fce625d
Night Shift,Jon Pardi,79,0.63,0.754,95.999,0.0284,172253,"['Contemporary Country', 'Country', 'Country Road', 'Modern Country Rock']",73,4MoAOfV4ROWofLG3a3hhBN,0bPnT6i9H1p8Vd85GS6Z7I,https://i.scdn.co/image/ab6761610000f1789ab434ef1b8d8aff5fce625d
What My World Spins Around,Jordan Davis,76,0.686,0.733,124.882,0.0401,186800,['Contemporary Country'],73,77kULmXAQ6vWer7IIHdGzI,6vjZxvzdAeHp7jv3R398Xm,https://i.scdn.co/image/ab6761610000f1782ed3943e39c47fa8bb10fb53
Almost Maybes,Jordan Davis,68,0.476,0.864,180.316,0.0946,179186,['Contemporary Country'],73,77kULmXAQ6vWer7IIHdGzI,1BVzLiBS3MWmXzqcxBFJDt,https://i.scdn.co/image/ab6761610000f1782ed3943e39c47fa8bb10fb53
Tucson Too Late,Jordan Davis,75,0.661,0.707,105.917,0.0285,172853,['Contemporary Country'],73,77kULmXAQ6vWer7IIHdGzI,2hNQDbZcN3vqRAuwiz7poI,https://i.scdn.co/image/ab6761610000f1782ed3943e39c47fa8bb10fb53
Take It From Me,Jordan Davis,69,0.592,0.891,99.983,0.0512,174254,['Contemporary Country'],73,77kULmXAQ6vWer7IIHdGzI,3dCZm5HrG0jIXAHfNkg2H0,https://i.scdn.co/image/ab6761610000f1782ed3943e39c47fa8bb10fb53
Next Thing You Know,Jordan Davis,78,0.549,0.608,78.534,0.0481,175226,['Contemporary Country'],73,77kULmXAQ6vWer7IIHdGzI,39OclE5hZematADrdfaWvE,https://i.scdn.co/image/ab6761610000f1782ed3943e39c47fa8bb10fb53
Buy Dirt,Jordan Davis,82,0.586,0.559,177.945,0.05,167480,['Contemporary Country'],73,77kULmXAQ6vWer7IIHdGzI,69AIpwGNLxr4qS1X5ynx60,https://i.scdn.co/image/ab6761610000f1782ed3943e39c47fa8bb10fb53
Dates In Pickup Trucks,Kassi Ashton,40,0.453,0.842,170.166,0.394,165520,['Country Pop'],45,1LCsAfmP4l13EYtzDaLMAg,5U4iPIXYJ5h6H7zJhx6VVF,https://i.scdn.co/image/ab6761610000f178eee42034d24f29dc5a88f9a4
Genie In A Bottle,Kassi Ashton,35,0.472,0.578,148.438,0.0287,231891,['Country Pop'],45,1LCsAfmP4l13EYtzDaLMAg,3w5YJiz32rxDgteI68XxMK,https://i.scdn.co/image/ab6761610000f178eee42034d24f29dc5a88f9a4
Called Crazy,Kassi Ashton,55,0.515,0.844,145.864,0.0447,199728,['Country Pop'],45,1LCsAfmP4l13EYtzDaLMAg,4SrGX1rwNtpiTx5BLQpggt,https://i.scdn.co/image/ab6761610000f178eee42034d24f29dc5a88f9a4
I Don't Go Back,Kassi Ashton,46,0.634,0.628,128.028,0.037,200573,['Country Pop'],45,1LCsAfmP4l13EYtzDaLMAg,55Y4hbXnw8DZDGxwVFr6Xp,https://i.scdn.co/image/ab6761610000f178eee42034d24f29dc5a88f9a4
Blue Ain't Your Color,Keith Urban,70,0.69,0.416,82.45,0.0335,230600,"['Australian Country', 'Australian Pop', 'Contemporary Country', 'Country', 'Country Road', 'Modern Country Rock']",68,0u2FHSq3ln94y5Q57xazwf,6wycnu8FWXsj68ig7BEot9,https://i.scdn.co/image/ab6761610000f1786f6336ebfa73e19dcd6134fa
That’s When (feat. Keith Urban) (Taylor’s Version) (From The Vault),Keith Urban,68,0.588,0.608,90.201,0.0365,189495,"['Australian Country', 'Australian Pop', 'Contemporary Country', 'Country', 'Country Road', 'Modern Country Rock']",68,0u2FHSq3ln94y5Q57xazwf,7eResoqEJJAVTkQYSqvO3P,https://i.scdn.co/image/ab6761610000f1786f6336ebfa73e19dcd6134fa
The Fighter,Keith Urban,61,0.681,0.845,132.023,0.0525,184040,"['Australian Country', 'Australian Pop', 'Contemporary Country', 'Country', 'Country Road', 'Modern Country Rock']",68,0u2FHSq3ln94y5Q57xazwf,5OUSPcqhYTOzpbXzoEvKim,https://i.scdn.co/image/ab6761610000f1786f6336ebfa73e19dcd6134fa
Somebody Like You,Keith Urban,70,0.624,0.84,111.02,0.0337,323040,"['Australian Country', 'Australian Pop', 'Contemporary Country', 'Country', 'Country Road', 'Modern Country Rock']",68,0u2FHSq3ln94y5Q57xazwf,0b9djfiuDIMw1zKH6gV74g,https://i.scdn.co/image/ab6761610000f1786f6336ebfa73e19dcd6134fa
One Too Many,Keith Urban,61,0.697,0.535,82.959,0.068,203893,"['Australian Country', 'Australian Pop', 'Contemporary Country', 'Country', 'Country Road', 'Modern Country Rock']",68,0u2FHSq3ln94y5Q57xazwf,3X7H1FAiWAW937WvsFeMhe,https://i.scdn.co/image/ab6761610000f1786f6336ebfa73e19dcd6134fa
Long Hot Summer,Keith Urban,62,0.657,0.785,127.987,0.037,273586,"['Australian Country', 'Australian Pop', 'Contemporary Country', 'Country', 'Country Road', 'Modern Country Rock']",68,0u2FHSq3ln94y5Q57xazwf,3PY88239tYBnAv5LQoU2oY,https://i.scdn.co/image/ab6761610000f1786f6336ebfa73e19dcd6134fa
I Quit Drinking,Kelsea Ballerini,71,0.607,0.418,95.002,0.0363,171200,"['Contemporary Country', 'Country']",68,3RqBeV12Tt7A8xH3zBDDUF,6OcCk1dbAb7XNHsC098oEM,https://i.scdn.co/image/ab6761610000f17836ae8a2a4ffc94337a2d3b7b
This Feeling,Kelsea Ballerini,72,0.575,0.571,105.049,0.0439,197946,"['Contemporary Country', 'Country']",68,3RqBeV12Tt7A8xH3zBDDUF,4NBTZtAt1F13VvlSKe6KTl,https://i.scdn.co/image/ab6761610000f17836ae8a2a4ffc94337a2d3b7b
Mountain With A View,Kelsea Ballerini,60,0.436,0.434,117.836,0.0502,177920,"['Contemporary Country', 'Country']",68,3RqBeV12Tt7A8xH3zBDDUF,3Uq2F5YXXDui1m55h7r6JF,https://i.scdn.co/image/ab6761610000f17836ae8a2a4ffc94337a2d3b7b
Penthouse,Kelsea Ballerini,66,0.499,0.447,75.068,0.0367,183080,"['Contemporary Country', 'Country']",68,3RqBeV12Tt7A8xH3zBDDUF,5rCt377EMkCJ0D0sldd5t8,https://i.scdn.co/image/ab6761610000f17836ae8a2a4ffc94337a2d3b7b
half of my hometown (feat. Kenny Chesney),Kelsea Ballerini,66,0.57,0.618,138.034,0.0445,231832,"['Contemporary Country', 'Country']",68,3RqBeV12Tt7A8xH3zBDDUF,1yRke3PmsyFrYlFZOAkABk,https://i.scdn.co/image/ab6761610000f17836ae8a2a4ffc94337a2d3b7b
IF YOU GO DOWN (I'M GOIN' DOWN TOO),Kelsea Ballerini,70,0.676,0.856,144.092,0.0393,166035,"['Contemporary Country', 'Country']",68,3RqBeV12Tt7A8xH3zBDDUF,1jX9wlAgVkAl0fCZqkCI73,https://i.scdn.co/image/ab6761610000f17836ae8a2a4ffc94337a2d3b7b
Rival,LANCO,38,0.482,0.892,82.03,0.0355,184617,"['Contemporary Country', 'Country Road', 'Modern Country Rock']",52,2lRH2dgU5Kk4Bc5phmII4T,6cVFyXSMC9OFCcydD0Yld4,https://i.scdn.co/image/ab6761610000f17891bf4b3575b4f40600c56a94
Greatest Love Story,LANCO,69,0.669,0.617,147.992,0.057,222573,"['Contemporary Country', 'Country Road', 'Modern Country Rock']",52,2lRH2dgU5Kk4Bc5phmII4T,2yQZwi1P8AkkxxFhQ8rMEK,https://i.scdn.co/image/ab6761610000f17891bf4b3575b4f40600c56a94
Born to Love You,LANCO,56,0.659,0.902,124.988,0.0296,230013,"['Contemporary Country', 'Country Road', 'Modern Country Rock']",52,2lRH2dgU5Kk4Bc5phmII4T,77a5Eu7lC3tG0Sukt2O91U,https://i.scdn.co/image/ab6761610000f17891bf4b3575b4f40600c56a94
Mama Don't Get Dressed Up For Nothing - with LANCO,LANCO,39,0.601,0.909,125.029,0.0438,252160,"['Contemporary Country', 'Country Road', 'Modern Country Rock']",52,2lRH2dgU5Kk4Bc5phmII4T,2Oloty067EQBgjKDe4k4VM,https://i.scdn.co/image/ab6761610000f17891bf4b3575b4f40600c56a94
What I See,LANCO,43,0.531,0.637,78.019,0.0279,229686,"['Contemporary Country', 'Country Road', 'Modern Country Rock']",52,2lRH2dgU5Kk4Bc5phmII4T,4BCak7YJQtL2cqScRwKVHq,https://i.scdn.co/image/ab6761610000f17891bf4b3575b4f40600c56a94
Heart Like A Truck,Lainey Wilson,76,0.587,0.632,139.974,0.0311,199040,"['Contemporary Country', 'Modern Country Pop']",71,6tPHARSq45lQ8BSALCfkFC,5DIBVDJOHh7djepAjKHWCO,https://i.scdn.co/image/ab6761610000f1789ab86842924df2171e5c38cf
Wildflowers and Wild Horses (Single Version),Lainey Wilson,74,0.442,0.644,117.379,0.0378,216573,"['Contemporary Country', 'Modern Country Pop']",71,6tPHARSq45lQ8BSALCfkFC,6d3QUBsiAw3aZI6F2mMhzk,https://i.scdn.co/image/ab6761610000f1789ab86842924df2171e5c38cf
Dirty Looks,Lainey Wilson,71,0.562,0.64,139.931,0.0254,194666,"['Contemporary Country', 'Modern Country Pop']",71,6tPHARSq45lQ8BSALCfkFC,45EwtYrnqJH3AH2bFpEOC6,https://i.scdn.co/image/ab6761610000f1789ab86842924df2171e5c38cf
Things A Man Oughta Know,Lainey Wilson,74,0.659,0.683,139.931,0.0312,203373,"['Contemporary Country', 'Modern Country Pop']",71,6tPHARSq45lQ8BSALCfkFC,3S0sk6DSTgesXsUSAEHNr5,https://i.scdn.co/image/ab6761610000f1789ab86842924df2171e5c38cf
Country's Cool Again,Lainey Wilson,65,0.549,0.901,170.008,0.0705,218280,"['Contemporary Country', 'Modern Country Pop']",71,6tPHARSq45lQ8BSALCfkFC,6fL5O5y6pSeU5Hjx9SgKar,https://i.scdn.co/image/ab6761610000f1789ab86842924df2171e5c38cf
Watermelon Moonshine,Lainey Wilson,77,0.739,0.413,139.921,0.0282,208853,"['Contemporary Country', 'Modern Country Pop']",71,6tPHARSq45lQ8BSALCfkFC,3sYBFUXTv0STUoUINx9Qe8,https://i.scdn.co/image/ab6761610000f1789ab86842924df2171e5c38cf
Thicc As Thieves (feat. Lainey Wilson),Lauren Alaina,49,0.687,0.904,119.998,0.0357,179811,"['Contemporary Country', 'Country', 'Country Dawn', 'Country Road']",63,1v3tdpIdBSW14rHUfiEVOv,6suChqmibsjuyXK8NJIYVz,https://i.scdn.co/image/ab6761610000f17830be9c1d7921b1229c8b36ad
Doin' Fine,Lauren Alaina,49,0.439,0.752,166.051,0.0375,199906,"['Contemporary Country', 'Country', 'Country Dawn', 'Country Road']",63,1v3tdpIdBSW14rHUfiEVOv,6nqvInlnaMzEzaw4s0zbee,https://i.scdn.co/image/ab6761610000f17830be9c1d7921b1229c8b36ad
Getting Over Him,Lauren Alaina,49,0.564,0.848,154.053,0.0716,166693,"['Contemporary Country', 'Country', 'Country Dawn', 'Country Road']",63,1v3tdpIdBSW14rHUfiEVOv,3WqT52bSkjn8tG7N9rn3Ba,https://i.scdn.co/image/ab6761610000f17830be9c1d7921b1229c8b36ad
Road Less Traveled,Lauren Alaina,60,0.611,0.886,112.988,0.0343,216266,"['Contemporary Country', 'Country', 'Country Dawn', 'Country Road']",63,1v3tdpIdBSW14rHUfiEVOv,4nxgA1nvXvTkmsBY0vJV57,https://i.scdn.co/image/ab6761610000f17830be9c1d7921b1229c8b36ad
Dancin' In The Moonlight (feat. Lauren Alaina),Lauren Alaina,59,0.589,0.829,121.998,0.0332,199000,"['Contemporary Country', 'Country', 'Country Dawn', 'Country Road']",63,1v3tdpIdBSW14rHUfiEVOv,0pnKcAh5binHOP9HexWwnZ,https://i.scdn.co/image/ab6761610000f17830be9c1d7921b1229c8b36ad
Ladies In The '90s,Lauren Alaina,51,0.644,0.882,99.861,0.0643,225040,"['Contemporary Country', 'Country', 'Country Dawn', 'Country Road']",63,1v3tdpIdBSW14rHUfiEVOv,4Whem9s6OoP7yFT60m2tU9,https://i.scdn.co/image/ab6761610000f17830be9c1d7921b1229c8b36ad
Watch Me,Lorrie Morgan,42,0.665,0.602,151.763,0.0328,215160,"['Country', 'Country Dawn', 'Country Road']",45,0khzcQ6PQU5a6dl1Qss3pt,1lb9mRgpIzwuwL5AY0Fi5H,https://i.scdn.co/image/26093f146be6ac078b9c0ecb1ef22289bec2772e
Except for Monday,Lorrie Morgan,53,0.658,0.6,170.114,0.0326,176040,"['Country', 'Country Dawn', 'Country Road']",45,0khzcQ6PQU5a6dl1Qss3pt,2iCJEYdoYbCxFoUg8759nm,https://i.scdn.co/image/26093f146be6ac078b9c0ecb1ef22289bec2772e
He Drinks Tequila,Lorrie Morgan,41,0.761,0.773,124.894,0.0368,189040,"['Country', 'Country Dawn', 'Country Road']",45,0khzcQ6PQU5a6dl1Qss3pt,1ugnkXXn4yQF0jKzBh8mFY,https://i.scdn.co/image/26093f146be6ac078b9c0ecb1ef22289bec2772e
Good as I Was to You,Lorrie Morgan,43,0.563,0.43,133.797,0.0267,205853,"['Country', 'Country Dawn', 'Country Road']",45,0khzcQ6PQU5a6dl1Qss3pt,0Xif5XP4V2xrQ5AoNTUJtx,https://i.scdn.co/image/26093f146be6ac078b9c0ecb1ef22289bec2772e
One Margarita,Luke Bryan,68,0.641,0.842,89.997,0.0464,193426,"['Contemporary Country', 'Country', 'Country Road', 'Modern Country Rock']",75,0BvkDsjIUla7X0k6CSWh1I,1Y3TlYJNhIa7k4YAvFkJAB,https://i.scdn.co/image/ab6761610000f1789754cf0a7b838caafa4b8b55
That's My Kind Of Night,Luke Bryan,75,0.661,0.751,109.995,0.0481,190186,"['Contemporary Country', 'Country', 'Country Road', 'Modern Country Rock']",75,0BvkDsjIUla7X0k6CSWh1I,5HGibWoxnkYSkl6mHmAlOE,https://i.scdn.co/image/ab6761610000f1789754cf0a7b838caafa4b8b55
I Don't Want This Night To End,Luke Bryan,73,0.616,0.728,111.934,0.0278,219973,"['Contemporary Country', 'Country', 'Country Road', 'Modern Country Rock']",75,0BvkDsjIUla7X0k6CSWh1I,7c1KTn1z8Gw8ouYdcF4qaG,https://i.scdn.co/image/ab6761610000f1789754cf0a7b838caafa4b8b55
Knockin' Boots,Luke Bryan,70,0.728,0.682,131.901,0.218,200066,"['Contemporary Country', 'Country', 'Country Road', 'Modern Country Rock']",75,0BvkDsjIUla7X0k6CSWh1I,2opQESZb7JsRKCvWMBPeuv,https://i.scdn.co/image/ab6761610000f1789754cf0a7b838caafa4b8b55
Kiss Tomorrow Goodbye,Luke Bryan,72,0.571,0.937,115.013,0.0365,203133,"['Contemporary Country', 'Country', 'Country Road', 'Modern Country Rock']",75,0BvkDsjIUla7X0k6CSWh1I,3loYYWdPlLiUCq1jiSPfT6,https://i.scdn.co/image/ab6761610000f1789754cf0a7b838caafa4b8b55
Country Girl (Shake It For Me),Luke Bryan,77,0.645,0.904,105.97,0.0462,225560,"['Contemporary Country', 'Country', 'Country Road', 'Modern Country Rock']",75,0BvkDsjIUla7X0k6CSWh1I,0JbSghVDghtFEurrSO8JrC,https://i.scdn.co/image/ab6761610000f1789754cf0a7b838caafa4b8b55
Gimme Three Steps,Lynyrd Skynyrd,70,0.554,0.74,133.363,0.0803,267173,"['Album Rock', 'Classic Rock', 'Hard Rock', 'Rock', 'Southern Rock']",72,4MVyzYMgTwdP7Z49wAZHx0,0x2wtJbtJrox3SDmnMj97x,https://i.scdn.co/image/ab6761610000f178451eb07ddc6e68d3e474c2bf
Gimme Back My Bullets,Lynyrd Skynyrd,62,0.428,0.682,168.58,0.0441,209800,"['Album Rock', 'Classic Rock', 'Hard Rock', 'Rock', 'Southern Rock']",72,4MVyzYMgTwdP7Z49wAZHx0,02UFwtmJ0ogLQWMx43Okuh,https://i.scdn.co/image/ab6761610000f178451eb07ddc6e68d3e474c2bf
Call Me The Breeze,Lynyrd Skynyrd,66,0.271,0.642,186.366,0.0384,309773,"['Album Rock', 'Classic Rock', 'Hard Rock', 'Rock', 'Southern Rock']",72,4MVyzYMgTwdP7Z49wAZHx0,12WiGqEs3t5hrzBJTe1K0P,https://i.scdn.co/image/ab6761610000f178451eb07ddc6e68d3e474c2bf
Tuesday's Gone,Lynyrd Skynyrd,65,0.232,0.615,146.488,0.0295,450226,"['Album Rock', 'Classic Rock', 'Hard Rock', 'Rock', 'Southern Rock']",72,4MVyzYMgTwdP7Z49wAZHx0,64sn7wgJfeQKY3Jisnl59w,https://i.scdn.co/image/ab6761610000f178451eb07ddc6e68d3e474c2bf
Simple Man,Lynyrd Skynyrd,76,0.422,0.752,120.471,0.0449,356626,"['Album Rock', 'Classic Rock', 'Hard Rock', 'Rock', 'Southern Rock']",72,4MVyzYMgTwdP7Z49wAZHx0,1ju7EsSGvRybSNEsRvc7qY,https://i.scdn.co/image/ab6761610000f178451eb07ddc6e68d3e474c2bf
Sweet Home Alabama,Lynyrd Skynyrd,83,0.596,0.605,97.798,0.0255,283800,"['Album Rock', 'Classic Rock', 'Hard Rock', 'Rock', 'Southern Rock']",72,4MVyzYMgTwdP7Z49wAZHx0,7e89621JPkKaeDSTQ3avtg,https://i.scdn.co/image/ab6761610000f178451eb07ddc6e68d3e474c2bf
No Caller ID,Megan Moroney,77,0.332,0.531,146.5,0.0396,208759,"['Contemporary Country', 'Modern Country Pop']",68,5Ppie0uPnbnvGBYRwYmlt0,2uHgCkaiHwZKl7tDBTVsyW,https://i.scdn.co/image/ab6761610000f1785cbd8a328a3cefdb9b1ca6c1
Fix You Too (feat. Kameron Marlowe),Megan Moroney,67,0.322,0.422,140.804,0.0329,199383,"['Contemporary Country', 'Modern Country Pop']",68,5Ppie0uPnbnvGBYRwYmlt0,4eIGig7wMD4iZfPKGinoGr,https://i.scdn.co/image/ab6761610000f1785cbd8a328a3cefdb9b1ca6c1
Tennessee Orange,Megan Moroney,77,0.38,0.488,156.031,0.029,223119,"['Contemporary Country', 'Modern Country Pop']",68,5Ppie0uPnbnvGBYRwYmlt0,6DLbBlGIOjjEj0dNN25zhZ,https://i.scdn.co/image/ab6761610000f1785cbd8a328a3cefdb9b1ca6c1
Can't Break Up Now,Megan Moroney,58,0.46,0.571,138.629,0.0354,200133,"['Contemporary Country', 'Modern Country Pop']",68,5Ppie0uPnbnvGBYRwYmlt0,4Na8o82wKItDTndJr2Iyu5,https://i.scdn.co/image/ab6761610000f1785cbd8a328a3cefdb9b1ca6c1
Girl in the Mirror,Megan Moroney,63,0.33,0.273,78.103,0.0293,165099,"['Contemporary Country', 'Modern Country Pop']",68,5Ppie0uPnbnvGBYRwYmlt0,6t0PM7tXvdqEHKYHtEDl5H,https://i.scdn.co/image/ab6761610000f1785cbd8a328a3cefdb9b1ca6c1
Sleep on My Side,Megan Moroney,63,0.457,0.677,77.014,0.032,188931,"['Contemporary Country', 'Modern Country Pop']",68,5Ppie0uPnbnvGBYRwYmlt0,0qOdElKqdDKN58aKCo3yHS,https://i.scdn.co/image/ab6761610000f1785cbd8a328a3cefdb9b1ca6c1
I Still Pray,Mickey Guyton,44,0.525,0.594,161.507,0.0338,164040,"['Black Americana', 'Contemporary Country', 'Country Pop']",49,6nfN5B7Jmi853SHa9106Hz,3uJjybFZWmfaYQG4PEiiCR,https://i.scdn.co/image/ab6761610000f1789cbbdb28756f032da6e78a22
Somethin' Bout You,Mickey Guyton,49,0.667,0.826,112.041,0.0266,156906,"['Black Americana', 'Contemporary Country', 'Country Pop']",49,6nfN5B7Jmi853SHa9106Hz,2hsarLx1u2OgOmkcJ8ejBm,https://i.scdn.co/image/ab6761610000f1789cbbdb28756f032da6e78a22
Lay It On Me,Mickey Guyton,46,0.404,0.692,68.794,0.0299,189720,"['Black Americana', 'Contemporary Country', 'Country Pop']",49,6nfN5B7Jmi853SHa9106Hz,0O9quVZcM3pNu9VPuhfY9m,https://i.scdn.co/image/ab6761610000f1789cbbdb28756f032da6e78a22
Middle Ground (feat. Mickey Guyton),Mickey Guyton,49,0.35,0.507,103.854,0.0319,219853,"['Black Americana', 'Contemporary Country', 'Country Pop']",49,6nfN5B7Jmi853SHa9106Hz,3UK3ZCRxqV3FOEMnGxeFZa,https://i.scdn.co/image/ab6761610000f1789cbbdb28756f032da6e78a22
Home Movies,Mickey Guyton,45,0.592,0.488,79.953,0.0544,196000,"['Black Americana', 'Contemporary Country', 'Country Pop']",49,6nfN5B7Jmi853SHa9106Hz,7InQwxswyvUtAxfV8KsCrz,https://i.scdn.co/image/ab6761610000f1789cbbdb28756f032da6e78a22
FALLING FOR YOU,Niko Moon,43,0.627,0.811,154.988,0.0327,162373,[],55,6Rw7DRa1dzChBvxGPCpOxU,1qo3qjSUTwLePrAE2pcoiy,https://i.scdn.co/image/ab6761610000f17813da94c040674cbbdf77fb6c
AIN'T NO BETTER PLACE (feat. HARDY),Niko Moon,52,0.603,0.888,75.529,0.0653,146773,[],55,6Rw7DRa1dzChBvxGPCpOxU,6bxTngeAL2GGRLJa0wa2SA,https://i.scdn.co/image/ab6761610000f17813da94c040674cbbdf77fb6c
BETTER DAYS,Niko Moon,58,0.613,0.723,76.015,0.034,206240,[],55,6Rw7DRa1dzChBvxGPCpOxU,2eCgRuEddwFVOKLC9uERD3,https://i.scdn.co/image/ab6761610000f17813da94c040674cbbdf77fb6c
GOOD TIME,Niko Moon,66,0.802,0.59,138.084,0.0493,214720,[],55,6Rw7DRa1dzChBvxGPCpOxU,2S8UMuLJ0z8agFgFGJ6Ztt,https://i.scdn.co/image/ab6761610000f17813da94c040674cbbdf77fb6c
NO SAD SONGS,Niko Moon,50,0.747,0.791,146.877,0.0543,172693,[],55,6Rw7DRa1dzChBvxGPCpOxU,7bL7jrv7ZOlSotkWa7UNuR,https://i.scdn.co/image/ab6761610000f17813da94c040674cbbdf77fb6c
Hell of a Year,Parker McCollum,68,0.655,0.482,98.013,0.0305,232653,"['Classic Texas Country', 'Contemporary Country', 'Modern Country Pop', 'Texas Country']",67,0Z8XVUAOBPM4x12wKnFHEQ,2kvlpIO6c9yvKAzk2KF0IS,https://i.scdn.co/image/ab6761610000f1789cb37053366acc01450e6696
Handle On You,Parker McCollum,69,0.591,0.928,105.025,0.0316,219967,"['Classic Texas Country', 'Contemporary Country', 'Modern Country Pop', 'Texas Country']",67,0Z8XVUAOBPM4x12wKnFHEQ,4reXo2zg1uhEIpUAacDb9C,https://i.scdn.co/image/ab6761610000f1789cb37053366acc01450e6696
I Can't Breathe,Parker McCollum,64,0.55,0.427,114.032,0.0323,257773,"['Classic Texas Country', 'Contemporary Country', 'Modern Country Pop', 'Texas Country']",67,0Z8XVUAOBPM4x12wKnFHEQ,3QtCKENdSI3l8xlSULRrK0,https://i.scdn.co/image/ab6761610000f1789cb37053366acc01450e6696
To Be Loved By You,Parker McCollum,63,0.475,0.805,145.976,0.0377,199680,"['Classic Texas Country', 'Contemporary Country', 'Modern Country Pop', 'Texas Country']",67,0Z8XVUAOBPM4x12wKnFHEQ,2pUQX4d3Cjh3umGkVz0XyI,https://i.scdn.co/image/ab6761610000f1789cb37053366acc01450e6696
Burn It Down - Radio Edit,Parker McCollum,71,0.484,0.753,80.995,0.0503,216673,"['Classic Texas Country', 'Contemporary Country', 'Modern Country Pop', 'Texas Country']",67,0Z8XVUAOBPM4x12wKnFHEQ,4bARASJEokNacSYtEhoNBp,https://i.scdn.co/image/ab6761610000f1789cb37053366acc01450e6696
Pretty Heart,Parker McCollum,68,0.568,0.707,131.944,0.03,245306,"['Classic Texas Country', 'Contemporary Country', 'Modern Country Pop', 'Texas Country']",67,0Z8XVUAOBPM4x12wKnFHEQ,7nINhyXn6uwUkYLY5KQH0K,https://i.scdn.co/image/ab6761610000f1789cb37053366acc01450e6696
Fake Names,Priscilla Block,50,0.609,0.897,119.911,0.0659,159613,"['Contemporary Country', 'Modern Country Pop']",57,6BpvASijzSWj7gnZD4Dvf1,2ClUu1kEWAGb6KZroRkkUq,https://i.scdn.co/image/ab6761610000f178c71b8edcfa85e497707647a4
Good On You,Priscilla Block,61,0.473,0.807,139.963,0.0334,187333,"['Contemporary Country', 'Modern Country Pop']",57,6BpvASijzSWj7gnZD4Dvf1,4rgtVCZ85aJHX0MVPM6fjw,https://i.scdn.co/image/ab6761610000f178c71b8edcfa85e497707647a4
"Hey, Jack",Priscilla Block,55,0.482,0.812,154.064,0.0471,167440,"['Contemporary Country', 'Modern Country Pop']",57,6BpvASijzSWj7gnZD4Dvf1,0o6YthkHUTGo2H95UROejS,https://i.scdn.co/image/ab6761610000f178c71b8edcfa85e497707647a4
My Bar,Priscilla Block,53,0.615,0.782,96.97,0.0331,193053,"['Contemporary Country', 'Modern Country Pop']",57,6BpvASijzSWj7gnZD4Dvf1,4puniyhnAcQbyTcIOQVJhE,https://i.scdn.co/image/ab6761610000f178c71b8edcfa85e497707647a4
Off The Deep End,Priscilla Block,50,0.656,0.77,82.017,0.0723,196499,"['Contemporary Country', 'Modern Country Pop']",57,6BpvASijzSWj7gnZD4Dvf1,1VzVmTq4GcUKBnmjshEQEA,https://i.scdn.co/image/ab6761610000f178c71b8edcfa85e497707647a4
Give It To Me Straight,Tenille Arts,44,0.474,0.806,83.29,0.0386,194453,"['Canadian Contemporary Country', 'Contemporary Country', 'Country Pop']",52,0gSAxSvAApQc71cTpoXDFu,3rohKbckgoiNDBmy1fbD8s,https://i.scdn.co/image/ab6761610000f1784eb2a0e8f63c63223d6f042a
Somebody Like That,Tenille Arts,64,0.571,0.783,105.015,0.0473,198208,"['Canadian Contemporary Country', 'Contemporary Country', 'Country Pop']",52,0gSAxSvAApQc71cTpoXDFu,4K7wet87HnlWKi0CXWvg1i,https://i.scdn.co/image/ab6761610000f1784eb2a0e8f63c63223d6f042a
I Hate This,Tenille Arts,55,0.619,0.404,80.991,0.0265,188853,"['Canadian Contemporary Country', 'Contemporary Country', 'Country Pop']",52,0gSAxSvAApQc71cTpoXDFu,6c90n39x5VKMsxOSTEeNRv,https://i.scdn.co/image/ab6761610000f1784eb2a0e8f63c63223d6f042a
Next Best Thing,Tenille Arts,55,0.545,0.744,77.997,0.046,229205,"['Canadian Contemporary Country', 'Contemporary Country', 'Country Pop']",52,0gSAxSvAApQc71cTpoXDFu,3Qss26KXwI8qEil7lbCEXa,https://i.scdn.co/image/ab6761610000f1784eb2a0e8f63c63223d6f042a
"Back Then, Right Now",Tenille Arts,52,0.585,0.719,76.989,0.0307,182666,"['Canadian Contemporary Country', 'Contemporary Country', 'Country Pop']",52,0gSAxSvAApQc71cTpoXDFu,3wgo9ePs5s7OMO6yHQJB1T,https://i.scdn.co/image/ab6761610000f1784eb2a0e8f63c63223d6f042a
Hey Driver (feat. The War and Treaty),The War And Treaty,84,0.583,0.351,79.014,0.0306,227466,['Black Americana'],65,6HhV0jtMMK5HYnYgG0xgtz,4pCbJC43j3gSqG6Fen6upD,https://i.scdn.co/image/ab6761610000f178af3ed9c1b3255712f4a05d6d
Set My Soul on Fire,The War And Treaty,44,0.507,0.328,122.416,0.0382,299680,['Black Americana'],65,6HhV0jtMMK5HYnYgG0xgtz,5yuqWMCOtMY0IBaQCBzqT5,https://i.scdn.co/image/ab6761610000f178af3ed9c1b3255712f4a05d6d
It's Only Rock 'N' Roll (But I Like It),The War And Treaty,45,0.62,0.805,121.28,0.0389,322346,['Black Americana'],65,6HhV0jtMMK5HYnYgG0xgtz,001c1daR1pFdqfpe1vAWzh,https://i.scdn.co/image/ab6761610000f178af3ed9c1b3255712f4a05d6d
Be Yourself (feat. The War and Treaty),The War And Treaty,48,0.509,0.499,79.115,0.0581,203493,['Black Americana'],65,6HhV0jtMMK5HYnYgG0xgtz,0WZB8bdQ95y8HFemAjcp4J,https://i.scdn.co/image/ab6761610000f178af3ed9c1b3255712f4a05d6d
Are You Ready to Love Me?,The War And Treaty,49,0.533,0.776,90.061,0.0847,214187,['Black Americana'],65,6HhV0jtMMK5HYnYgG0xgtz,7gyDV6Y7GmHqQS4KnzI5Zk,https://i.scdn.co/image/ab6761610000f178af3ed9c1b3255712f4a05d6d
That's How Love Is Made,The War And Treaty,50,0.481,0.408,117.725,0.0341,226986,['Black Americana'],65,6HhV0jtMMK5HYnYgG0xgtz,241mj8aXPCfElHc72HsZlP,https://i.scdn.co/image/ab6761610000f178af3ed9c1b3255712f4a05d6d
Look What God Gave Her,Thomas Rhett,68,0.739,0.85,113.0,0.0308,168960,"['Contemporary Country', 'Country', 'Country Road', 'Modern Country Rock']",72,6x2LnllRG5uGarZMsD4iO8,2KqJC0koTBUyDlsMt5ok1V,https://i.scdn.co/image/ab6761610000f1780096cad96e445e8adc22f5e7
Die A Happy Man,Thomas Rhett,76,0.595,0.389,166.052,0.0349,227426,"['Contemporary Country', 'Country', 'Country Road', 'Modern Country Rock']",72,6x2LnllRG5uGarZMsD4iO8,5kNe7PE09d6Kvw5pAsx23n,https://i.scdn.co/image/ab6761610000f1780096cad96e445e8adc22f5e7
What’s Your Country Song,Thomas Rhett,71,0.359,0.706,174.079,0.0309,171333,"['Contemporary Country', 'Country', 'Country Road', 'Modern Country Rock']",72,6x2LnllRG5uGarZMsD4iO8,4oR2cCQGs0Yt0Mgr2diV6V,https://i.scdn.co/image/ab6761610000f1780096cad96e445e8adc22f5e7
Beer Can’t Fix,Thomas Rhett,70,0.711,0.774,111.016,0.0308,209733,"['Contemporary Country', 'Country', 'Country Road', 'Modern Country Rock']",72,6x2LnllRG5uGarZMsD4iO8,7idmHTAQQPUFqdjXkoooXD,https://i.scdn.co/image/ab6761610000f1780096cad96e445e8adc22f5e7
Make Me Wanna,Thomas Rhett,69,0.545,0.818,109.019,0.0541,225066,"['Contemporary Country', 'Country', 'Country Road', 'Modern Country Rock']",72,6x2LnllRG5uGarZMsD4iO8,69DR48pXzSabFUfQfDDJDb,https://i.scdn.co/image/ab6761610000f1780096cad96e445e8adc22f5e7
Mamaw's House,Thomas Rhett,68,0.559,0.704,89.985,0.0338,187269,"['Contemporary Country', 'Country', 'Country Road', 'Modern Country Rock']",72,6x2LnllRG5uGarZMsD4iO8,4HeViKsdSOLkOvwfcRVkK8,https://i.scdn.co/image/ab6761610000f1780096cad96e445e8adc22f5e7
Loved Too Much,Ty Herndon,30,0.64,0.721,121.955,0.0258,220800,"['Country', 'Country Road']",37,1Fj0R2t4HaJa3oUe8azB8R,3CooBCHRrTkKtDcBNA76IS,https://i.scdn.co/image/ab6761610000f178b4c447162dec7324966d30c6
Walking in Memphis - Dance Mix,Ty Herndon,30,0.618,0.723,125.044,0.0358,272579,"['Country', 'Country Road']",37,1Fj0R2t4HaJa3oUe8azB8R,4Y2GyUqEHWiUFCAMgbJyXr,https://i.scdn.co/image/ab6761610000f178b4c447162dec7324966d30c6
A Man Holdin' On (To a Woman Lettin' Go),Ty Herndon,31,0.607,0.403,128.121,0.0288,217160,"['Country', 'Country Road']",37,1Fj0R2t4HaJa3oUe8azB8R,7Mdyk9k3tkXTecNg56RxbU,https://i.scdn.co/image/ab6761610000f178b4c447162dec7324966d30c6
Living In A Moment,Ty Herndon,42,0.665,0.703,115.893,0.0275,232360,"['Country', 'Country Road']",37,1Fj0R2t4HaJa3oUe8azB8R,1QIYR4q1Pti9yLMG4Ef4rg,https://i.scdn.co/image/ab6761610000f178b4c447162dec7324966d30c6
Ride the Lightning - 717 Tapes,Warren Zeiders,67,0.576,0.474,77.834,0.0331,186458,['Modern Country Pop'],69,7kplJl06UmldxLKseURAYi,04YKO5t4AZrsqKfGhhUb2j,https://i.scdn.co/image/ab6761610000f1783d137b5c8613610be552b2d3
Up To No Good,Warren Zeiders,65,0.516,0.873,156.133,0.0451,133629,['Modern Country Pop'],69,7kplJl06UmldxLKseURAYi,03hcfTQjONwVFIYEu7Sx7u,https://i.scdn.co/image/ab6761610000f1783d137b5c8613610be552b2d3
Dark Night - 717 Tapes,Warren Zeiders,64,0.78,0.682,120.083,0.0341,157991,['Modern Country Pop'],69,7kplJl06UmldxLKseURAYi,2mTwhPI0EKjXmqRd1SEjjy,https://i.scdn.co/image/ab6761610000f1783d137b5c8613610be552b2d3
Sin So Sweet,Warren Zeiders,61,0.5,0.882,89.997,0.047,201053,['Modern Country Pop'],69,7kplJl06UmldxLKseURAYi,7KBOLnR8kQDMl1MVGio4Xb,https://i.scdn.co/image/ab6761610000f1783d137b5c8613610be552b2d3
Heartbreaker,Warren Zeiders,61,0.489,0.608,148.117,0.0274,222466,['Modern Country Pop'],69,7kplJl06UmldxLKseURAYi,4JEPMdMizbAWlaCtLaTjvT,https://i.scdn.co/image/ab6761610000f1783d137b5c8613610be552b2d3
Pretty Little Poison,Warren Zeiders,76,0.494,0.567,112.011,0.0334,218260,['Modern Country Pop'],69,7kplJl06UmldxLKseURAYi,0MIp9iBm1V41ERxkZnmSUG,https://i.scdn.co/image/ab6761610000f1783d137b5c8613610be552b2d3
